timestamp,event_type,steering,throttle,brake,instruction
1712932480.3742204,control,0.0,0.6212635577612914,0.6212635577612914,
1712932480.389251,control,0.0,0.6212635577612914,0.6212635577612914,
1712932480.4057758,control,0.0,0.6212635577612914,0.6212635577612914,
1712932480.42179,control,0.0,0.6212635577612914,0.6212635577612914,
1712932480.4430656,control,0.0,0.6212635577612914,0.6212635577612914,
1712932480.4533248,control,0.0,0.6212635577612914,0.6212635577612914,
1712932480.4693575,control,0.0,0.6212635577612914,0.6212635577612914,
1712932480.4913473,control,0.0,0.6212635577612914,0.6212635577612914,
1712932480.5018566,control,0.0,0.6212635577612914,0.6212635577612914,
1712932480.5173836,control,0.0,0.6212635577612914,0.6212635577612914,
1712932480.5329046,control,0.0,0.6212635577612914,0.6212635577612914,
1712932480.550013,control,0.0,0.6212635577612914,0.6212635577612914,
1712932480.5710096,control,0.0,0.6212635577612914,0.6212635577612914,
1712932480.5807617,control,0.0,0.6212635577612914,0.6212635577612914,
1712932480.5968182,control,0.0,0.6212635577612914,0.6212635577612914,
1712932480.6198363,control,0.0,0.6212635577612914,0.6212635577612914,
1712932480.6297097,control,0.0,0.6212635577612914,0.6212635577612914,
1712932480.6447172,control,0.0,0.6212635577612914,0.6212635577612914,
1712932480.661809,control,0.0,0.6212635577612914,0.6212635577612914,
1712932480.6836007,control,0.0,0.6212635577612914,0.6212635577612914,
1712932480.6931508,control,0.0,0.6212635577612914,0.6212635577612914,
1712932480.7093391,control,0.0,0.6212635577612914,0.6212635577612914,
1712932480.7323415,control,0.0,0.6212635577612914,0.6212635577612914,
1712932480.7414098,control,0.0,0.6212635577612914,0.6212635577612914,
1712932480.7569091,control,0.0,0.6212635577612914,0.6212635577612914,
1712932480.774481,control,0.0,0.6212635577612914,0.6212635577612914,
1712932480.7957606,control,0.0,0.6212635577612914,0.6212635577612914,
1712932480.8118145,control,0.0,0.6212635577612914,0.6212635577612914,
1712932480.8213065,control,0.0,0.6212635577612914,0.6212635577612914,
1712932480.843801,control,0.0,0.6212635577612914,0.6212635577612914,
1712932480.855285,control,0.0,0.6212635577612914,0.6212635577612914,
1712932480.870325,control,0.0,0.6212635577612914,0.6212635577612914,
1712932480.8868196,control,0.0,0.6212635577612914,0.6212635577612914,
1712932480.90883,control,0.0,0.6212635577612914,0.6212635577612914,
1712932480.9253032,control,0.0,0.6212635577612914,0.6212635577612914,
1712932480.9338222,control,0.0,0.6212635577612914,0.6212635577612914,
1712932480.950306,control,0.0,0.6212635577612914,0.6212635577612914,
1712932480.9722128,control,0.0,0.6212635577612914,0.6212635577612914,
1712932480.9826257,control,0.0,0.6212635577612914,0.6212635577612914,
1712932480.998866,control,0.0,0.6212635577612914,0.6212635577612914,
1712932481.0203874,control,0.0,0.6212635577612914,0.6212635577612914,
1712932481.032114,control,0.0,0.6212635577612914,0.6212635577612914,
1712932481.0476072,control,0.0,0.6212635577612914,0.6212635577612914,
1712932481.0633724,control,0.0,0.6212635577612914,0.6212635577612914,
1712932481.0852067,control,0.0,0.6212635577612914,0.6212635577612914,
1712932481.1128297,control,0.0,0.6212635577612914,0.6212635577612914,
1712932481.1203256,control,0.0,0.6212635577612914,0.6212635577612914,
1712932481.1332314,control,0.0,0.6212635577612914,0.6212635577612914,
1712932481.1488342,control,0.0,0.6212635577612914,0.6212635577612914,
1712932481.1656837,control,0.0,0.6212635577612914,0.6212635577612914,
1712932481.1881166,control,0.0,0.6212635577612914,0.6212635577612914,
1712932481.1969976,control,0.0,0.6212635577612914,0.6212635577612914,
1712932481.2142398,control,0.0,0.6212635577612914,0.6212635577612914,
1712932481.236728,control,0.0,0.6212635577612914,0.6212635577612914,
1712932481.2452545,control,0.0,0.6212635577612914,0.6212635577612914,
1712932481.2616868,control,0.0,0.6212635577612914,0.6212635577612914,
1712932481.283674,control,0.0,0.6212635577612914,0.6212635577612914,
1712932481.2931767,control,0.0,0.6212635577612914,0.6212635577612914,
1712932481.309419,control,0.0,0.6212635577612914,0.6212635577612914,
1712932481.3329313,control,0.0,0.6212635577612914,0.6212635577612914,
1712932481.3414705,control,0.0,0.6212635577612914,0.6212635577612914,
1712932481.364279,control,0.0,0.6212635577612914,0.6212635577612914,
1712932481.3728118,control,0.0,0.6212635577612914,0.6212635577612914,
1712932481.3889885,control,0.0,0.6212635577612914,0.6212635577612914,
1712932481.4119606,control,0.0,0.6212635577612914,0.6212635577612914,
1712932481.4280066,control,0.0,0.6212635577612914,0.6212635577612914,
1712932481.4369903,control,0.0,0.6212635577612914,0.6212635577612914,
1712932481.4534678,control,0.0,0.6212635577612914,0.6212635577612914,
1712932481.4760547,control,0.0,0.6212635577612914,0.6212635577612914,
1712932481.4852595,control,0.0,0.6212635577612914,0.6212635577612914,
1712932481.5012822,control,0.0,0.6212635577612914,0.6212635577612914,
1712932481.5173109,control,0.0,0.6212635577612914,0.6212635577612914,
1712932481.5383208,control,0.0,0.6212635577612914,0.6212635577612914,
1712932481.54933,control,0.0,0.6212635577612914,0.6212635577612914,
1712932481.5658307,control,0.0,0.6212635577612914,0.6212635577612914,
1712932481.587898,control,0.0,0.6212635577612914,0.6212635577612914,
1712932481.5973873,control,0.0,0.6212635577612914,0.6212635577612914,
1712932481.6128955,control,0.0,0.6212635577612914,0.6212635577612914,
1712932481.6293302,control,0.0,0.6212635577612914,0.6212635577612914,
1712932481.651276,control,0.0,0.6212635577612914,0.6212635577612914,
1712932481.6692848,control,0.0,0.6212635577612914,0.6212635577612914,
1712932481.6768641,control,0.0,0.6212635577612914,0.6212635577612914,
1712932481.699251,control,0.0,0.6212635577612914,0.6212635577612914,
1712932481.7087557,control,0.0,0.6212635577612914,0.6212635577612914,
1712932481.724976,control,0.0,0.6212635577612914,0.6212635577612914,
1712932481.7414968,control,0.0,0.6212635577612914,0.6212635577612914,
1712932481.763482,control,0.0,0.6212635577612914,0.6212635577612914,
1712932481.7730205,control,0.0,0.6212635577612914,0.6212635577612914,
1712932481.7889862,control,0.0,0.6212635577612914,0.6212635577612914,
1712932481.8118165,control,0.0,0.6212635577612914,0.6212635577612914,
1712932481.820955,control,0.0,0.6212635577612914,0.6212635577612914,
1712932481.837195,control,0.0,0.6212635577612914,0.6212635577612914,
1712932481.8532417,control,0.0,0.6212635577612914,0.6212635577612914,
1712932481.8752096,control,0.0,0.6212635577612914,0.6212635577612914,
1712932481.884798,control,0.0,0.6212635577612914,0.6212635577612914,
1712932481.9012198,control,0.0,0.6212635577612914,0.6212635577612914,
1712932481.9179173,control,0.0,0.6212635577612914,0.6212635577612914,
1712932481.9388976,control,0.0,0.6212635577612914,0.6212635577612914,
1712932481.9489524,control,0.0,0.6212635577612914,0.6212635577612914,
1712932481.9654334,control,0.0,0.6212635577612914,0.6212635577612914,
1712932481.9871793,control,0.0,0.6212635577612914,0.6212635577612914,
1712932481.996903,control,0.0,0.6212635577612914,0.6212635577612914,
1712932482.0135736,control,0.0,0.6212635577612914,0.6212635577612914,
1712932482.0295792,control,0.0,0.6212635577612914,0.6212635577612914,
1712932482.051147,control,0.0,0.6212635577612914,0.6212635577612914,
1712932482.0682542,control,0.0,0.6212635577612914,0.6212635577612914,
1712932482.0773602,control,0.0,0.6212635577612914,0.6212635577612914,
1712932482.092989,control,0.0,0.6212635577612914,0.6212635577612914,
1712932482.1148393,control,0.0,0.6212635577612914,0.6212635577612914,
1712932482.1247616,control,0.0,0.6212635577612914,0.6212635577612914,
1712932482.1418233,control,0.0,0.6212635577612914,0.6212635577612914,
1712932482.1634717,control,0.0,0.6212635577612914,0.6212635577612914,
1712932482.1791615,control,0.0,0.6212635577612914,0.6212635577612914,
1712932482.1896658,control,0.0,0.6212635577612914,0.6212635577612914,
1712932482.2056665,control,0.0,0.6212635577612914,0.6212635577612914,
1712932482.227346,control,0.0,0.6212635577612914,0.6212635577612914,
1712932482.2368422,control,0.0,0.6212635577612914,0.6212635577612914,
1712932482.2531736,control,0.0,0.6212635577612914,0.6212635577612914,
1712932482.2761612,control,0.0,0.6212635577612914,0.6212635577612914,
1712932482.286161,control,0.0,0.6212635577612914,0.6212635577612914,
1712932482.3021739,control,0.0,0.6212635577612914,0.6212635577612914,
1712932482.3180628,control,0.0,0.6212635577612914,0.6212635577612914,
1712932482.3410323,control,0.0,0.6212635577612914,0.6212635577612914,
1712932482.357173,control,0.0,0.6212635577612914,0.6212635577612914,
1712932482.3661697,control,0.0,0.6212635577612914,0.6212635577612914,
1712932482.3821135,control,0.0,0.6212635577612914,0.6212635577612914,
1712932482.4037747,control,0.0,0.6212635577612914,0.6212635577612914,
1712932482.4142826,control,0.0,0.6212635577612914,0.6212635577612914,
1712932482.4303958,control,0.0,0.6212635577612914,0.6212635577612914,
1712932482.4462085,control,0.0,0.6212635577612914,0.6212635577612914,
1712932482.468054,control,0.0,0.6212635577612914,0.6212635577612914,
1712932482.4785655,control,0.0,0.6212635577612914,0.6212635577612914,
1712932482.4940844,control,0.0,0.6212635577612914,0.6212635577612914,
1712932482.516859,control,0.0,0.6212635577612914,0.6212635577612914,
1712932482.525262,control,0.0,0.6212635577612914,0.6212635577612914,
1712932482.5422008,control,0.0,0.6212635577612914,0.6212635577612914,
1712932482.5583158,control,0.0,0.6212635577612914,0.6212635577612914,
1712932482.5803518,control,0.0,0.6212635577612914,0.6212635577612914,
1712932482.5908804,control,0.0,0.6212635577612914,0.6212635577612914,
1712932482.6068275,control,0.0,0.6212635577612914,0.6212635577612914,
1712932482.6224678,control,0.0,0.6212635577612914,0.6212635577612914,
1712932482.6439557,control,0.0,0.6212635577612914,0.6212635577612914,
1712932482.654437,control,0.0,0.6212635577612914,0.6212635577612914,
1712932482.6706908,control,0.0,0.6212635577612914,0.6212635577612914,
1712932482.6921356,control,0.0,0.6212635577612914,0.6212635577612914,
1712932482.708209,control,0.0,0.6212635577612914,0.6212635577612914,
1712932482.718688,control,0.0,0.6212635577612914,0.6212635577612914,
1712932482.7344332,control,0.0,0.6212635577612914,0.6212635577612914,
1712932482.756999,control,0.0,0.6212635577612914,0.6212635577612914,
1712932482.7657118,control,0.0,0.6212635577612914,0.6212635577612914,
1712932482.782243,control,0.0,0.6212635577612914,0.6212635577612914,
1712932482.7982621,control,0.0,0.6212635577612914,0.6212635577612914,
1712932482.8207278,control,0.0,0.6212635577612914,0.6212635577612914,
1712932482.8298314,control,0.0,0.6212635577612914,0.6212635577612914,
1712932482.8468153,control,0.0,0.6212635577612914,0.6212635577612914,
1712932482.8694134,control,0.0,0.6212635577612914,0.6212635577612914,
1712932482.8841403,control,0.0,0.6212635577612914,0.6212635577612914,
1712932482.8946233,control,0.0,0.6212635577612914,0.6212635577612914,
1712932482.9099991,control,0.0,0.6212635577612914,0.6212635577612914,
1712932482.9326994,control,0.0,0.6212635577612914,0.6212635577612914,
1712932482.941893,control,0.0,0.6212635577612914,0.6212635577612914,
1712932482.9580626,control,0.0,0.6212635577612914,0.6212635577612914,
1712932482.981263,control,0.0,0.6212635577612914,0.6212635577612914,
1712932482.991196,control,0.0,0.6212635577612914,0.6212635577612914,
1712932483.0056672,control,0.0,0.6212635577612914,0.6212635577612914,
1712932483.022012,control,0.0,0.6212635577612914,0.6212635577612914,
1712932483.0380197,control,0.0,0.6212635577612914,0.6212635577612914,
1712932483.0603597,control,0.0,0.6212635577612914,0.6212635577612914,
1712932483.0700219,control,0.0,0.6212635577612914,0.6212635577612914,
1712932483.085498,control,0.0,0.6212635577612914,0.6212635577612914,
1712932483.108064,control,0.0,0.6212635577612914,0.6212635577612914,
1712932483.1184294,control,0.0,0.6212635577612914,0.6212635577612914,
1712932483.134218,control,0.0,0.6212635577612914,0.6212635577612914,
1712932483.1507773,control,0.0,0.6212635577612914,0.6212635577612914,
1712932483.1719124,control,0.0,0.6212635577612914,0.6212635577612914,
1712932483.1882985,control,0.0,0.6212635577612914,0.6212635577612914,
1712932483.197814,control,0.0,0.6212635577612914,0.6212635577612914,
1712932483.214585,control,0.0,0.6212635577612914,0.6212635577612914,
1712932483.23712,control,0.0,0.6212635577612914,0.6212635577612914,
1712932483.245658,control,0.0,0.6212635577612914,0.6212635577612914,
1712932483.2617228,control,0.0,0.6212635577612914,0.6212635577612914,
1712932483.284111,control,0.0,0.6212635577612914,0.6212635577612914,
1712932483.2945979,control,0.0,0.6212635577612914,0.6212635577612914,
1712932483.310888,control,0.0,0.6212635577612914,0.6212635577612914,
1712932483.3259525,control,0.0,0.6212635577612914,0.6212635577612914,
1712932483.3479893,control,0.0,0.6212635577612914,0.6212635577612914,
1712932483.3579934,control,0.0,0.6212635577612914,0.6212635577612914,
1712932483.3741207,control,0.0,0.6212635577612914,0.6212635577612914,
1712932483.397124,control,0.0,0.6212635577612914,0.6212635577612914,
1712932483.4080274,control,0.0,0.6212635577612914,0.6212635577612914,
1712932483.423499,control,0.0,0.6212635577612914,0.6212635577612914,
1712932483.439504,control,0.0,0.6212635577612914,0.6212635577612914,
1712932483.4555025,control,0.0,0.6212635577612914,0.6212635577612914,
1712932483.4770305,control,0.0,0.6212635577612914,0.6212635577612914,
1712932483.4875305,control,0.0,0.6212635577612914,0.6212635577612914,
1712932483.5033803,control,0.0,0.6212635577612914,0.6212635577612914,
1712932483.5253577,control,0.0,0.6212635577612914,0.6212635577612914,
1712932483.5367174,control,0.0,0.6212635577612914,0.6212635577612914,
1712932483.5586736,control,0.0,0.6212635577612914,0.6212635577612914,
1712932483.5682101,control,0.0,0.6212635577612914,0.6212635577612914,
1712932483.5901675,control,0.0,0.6212635577612914,0.6212635577612914,
1712932483.601648,control,0.0,0.6212635577612914,0.6212635577612914,
1712932483.6176357,control,0.0,0.6212635577612914,0.6212635577612914,
1712932483.633145,control,0.0,0.6212635577612914,0.6212635577612914,
1712932483.6556697,control,0.0,0.6212635577612914,0.6212635577612914,
1712932483.6661916,control,0.0,0.6212635577612914,0.6212635577612914,
1712932483.681194,control,0.0,0.6212635577612914,0.6212635577612914,
1712932483.6971757,control,0.0,0.6212635577612914,0.6212635577612914,
1712932483.7136705,control,0.0,0.6212635577612914,0.6212635577612914,
1712932483.7356012,control,0.0,0.6212635577612914,0.6212635577612914,
1712932483.7456272,control,0.0,0.6212635577612914,0.6212635577612914,
1712932483.7612495,control,0.0,0.6212635577612914,0.6212635577612914,
1712932483.784246,control,0.0,0.6212635577612914,0.6212635577612914,
1712932483.8009849,control,0.0,0.6212635577612914,0.6212635577612914,
1712932483.8094723,control,0.0,0.6212635577612914,0.6212635577612914,
1712932483.8312616,control,0.0,0.6212635577612914,0.6212635577612914,
1712932483.8410609,control,0.0,0.6212635577612914,0.6212635577612914,
1712932483.8570156,control,0.0,0.6212635577612914,0.6212635577612914,
1712932483.8741684,control,0.0,0.6212635577612914,0.6212635577612914,
1712932483.8957155,control,0.0,0.6212635577612914,0.6212635577612914,
1712932483.9050343,control,0.0,0.6212635577612914,0.6212635577612914,
1712932483.921523,control,0.0,0.6212635577612914,0.6212635577612914,
1712932483.937963,control,0.0,0.6212635577612914,0.6212635577612914,
1712932483.9586873,control,0.0,0.6212635577612914,0.6212635577612914,
1712932483.9694848,control,0.0,0.6212635577612914,0.6212635577612914,
1712932483.9856894,control,0.0,0.6212635577612914,0.6212635577612914,
1712932484.0078733,control,0.0,0.6212635577612914,0.6212635577612914,
1712932484.0173888,control,0.0,0.6212635577612914,0.6212635577612914,
1712932484.0334618,control,0.0,0.6212635577612914,0.6212635577612914,
1712932484.0492957,control,0.0,0.6212635577612914,0.6212635577612914,
1712932484.0710878,control,0.0,0.6212635577612914,0.6212635577612914,
1712932484.0815845,control,0.0,0.6212635577612914,0.6212635577612914,
1712932484.0968006,control,0.0,0.6212635577612914,0.6212635577612914,
1712932484.113691,control,0.0,0.6212635577612914,0.6212635577612914,
1712932484.1350765,control,0.0,0.6212635577612914,0.6212635577612914,
1712932484.1454058,control,0.0,0.6212635577612914,0.6212635577612914,
1712932484.162032,control,0.0,0.6212635577612914,0.6212635577612914,
1712932484.1837943,control,0.0,0.6212635577612914,0.6212635577612914,
1712932484.1948771,control,0.0,0.6212635577612914,0.6212635577612914,
1712932484.2161818,control,0.0,0.6212635577612914,0.6212635577612914,
1712932484.2256637,control,0.0,0.6212635577612914,0.6212635577612914,
1712932484.2421834,control,0.0,0.6212635577612914,0.6212635577612914,
1712932484.2646718,control,0.0,0.6212635577612914,0.6212635577612914,
1712932484.2748296,control,0.0,0.6212635577612914,0.6212635577612914,
1712932484.290192,control,0.0,0.6212635577612914,0.6212635577612914,
1712932484.3127947,control,0.0,0.6212635577612914,0.6212635577612914,
1712932484.32195,control,0.0,0.6212635577612914,0.6212635577612914,
1712932484.3377867,control,0.0,0.6212635577612914,0.6212635577612914,
1712932484.354524,control,0.0,0.6212635577612914,0.6212635577612914,
1712932484.376906,control,0.0,0.6212635577612914,0.6212635577612914,
1712932484.3868032,control,0.0,0.6212635577612914,0.6212635577612914,
1712932484.4025474,control,0.0,0.6212635577612914,0.6212635577612914,
1712932484.4189503,control,0.0,0.6212635577612914,0.6212635577612914,
1712932484.4405487,control,0.0,0.6212635577612914,0.6212635577612914,
1712932484.4496942,control,0.0,0.6212635577612914,0.6212635577612914,
1712932484.4667695,control,0.0,0.6212635577612914,0.6212635577612914,
1712932484.4897718,control,0.0,0.6212635577612914,0.6212635577612914,
1712932484.5006359,control,0.0,0.6212635577612914,0.6212635577612914,
1712932484.521731,control,0.0,0.6212635577612914,0.6212635577612914,
1712932484.5325067,control,0.0,0.6212635577612914,0.6212635577612914,
1712932484.5479715,control,0.0,0.6212635577612914,0.6212635577612914,
1712932484.5702138,control,0.0,0.6212635577612914,0.6212635577612914,
1712932484.5871649,control,0.0,0.6212635577612914,0.6212635577612914,
1712932484.5959418,control,0.0,0.6212635577612914,0.6212635577612914,
1712932484.6189907,control,0.0,0.6212635577612914,0.6212635577612914,
1712932484.630266,control,0.0,0.6212635577612914,0.6212635577612914,
1712932484.6467254,control,0.0,0.6212635577612914,0.6212635577612914,
1712932484.6626525,control,0.0,0.6212635577612914,0.6212635577612914,
1712932484.6851068,control,0.0,0.6212635577612914,0.6212635577612914,
1712932484.695592,control,0.0,0.6212635577612914,0.6212635577612914,
1712932484.7116039,control,0.0,0.6212635577612914,0.6212635577612914,
1712932484.7271028,control,0.0,0.6212635577612914,0.6212635577612914,
1712932484.7434316,control,0.0,0.6212635577612914,0.6212635577612914,
1712932484.7654252,control,0.0,0.6212635577612914,0.6212635577612914,
1712932484.774929,control,0.0,0.6212635577612914,0.6212635577612914,
1712932484.7912056,control,0.0,0.6212635577612914,0.6212635577612914,
1712932484.8131843,control,0.0,0.6212635577612914,0.6212635577612914,
1712932484.8302336,control,0.0,0.6212635577612914,0.6212635577612914,
1712932484.838737,control,0.0,0.6212635577612914,0.6212635577612914,
1712932484.854754,control,0.0,0.6212635577612914,0.6212635577612914,
1712932484.8776553,control,0.0,0.6212635577612914,0.6212635577612914,
1712932484.8871472,control,0.0,0.6212635577612914,0.6212635577612914,
1712932484.9036496,control,0.0,0.6212635577612914,0.6212635577612914,
1712932484.925657,control,0.0,0.6212635577612914,0.6212635577612914,
1712932484.935459,control,0.0,0.6212635577612914,0.6212635577612914,
1712932484.9515097,control,0.0,0.6212635577612914,0.6212635577612914,
1712932484.9675248,control,0.0,0.6212635577612914,0.6212635577612914,
1712932484.9895682,control,0.0,0.6212635577612914,0.6212635577612914,
1712932484.9990726,control,0.0,0.6212635577612914,0.6212635577612914,
1712932485.0155122,control,0.0,0.6212635577612914,0.6212635577612914,
1712932485.0371876,control,0.0,0.6212635577612914,0.6212635577612914,
1712932485.0539253,control,0.0,0.6212635577612914,0.6212635577612914,
1712932485.0628138,control,0.0,0.6212635577612914,0.6212635577612914,
1712932485.0789092,control,0.0,0.6212635577612914,0.6212635577612914,
1712932485.1013718,control,0.0,0.6212635577612914,0.6212635577612914,
1712932485.1108818,control,0.0,0.6212635577612914,0.6212635577612914,
1712932485.1282775,control,0.0,0.6212635577612914,0.6212635577612914,
1712932485.1430821,control,0.0,0.6212635577612914,0.6212635577612914,
1712932485.165334,control,0.0,0.6212635577612914,0.6212635577612914,
1712932485.1752477,control,0.0,0.6212635577612914,0.6212635577612914,
1712932485.1913419,control,0.0,0.6212635577612914,0.6212635577612914,
1712932485.2133796,control,0.0,0.6212635577612914,0.6212635577612914,
1712932485.2295232,control,0.0,0.6212635577612914,0.6212635577612914,
1712932485.2394052,control,0.0,0.6212635577612914,0.6212635577612914,
1712932485.255422,control,0.0,0.6212635577612914,0.6212635577612914,
1712932485.2769632,control,0.0,0.6212635577612914,0.6212635577612914,
1712932485.2867143,control,0.0,0.6212635577612914,0.6212635577612914,
1712932485.3042305,control,0.0,0.6212635577612914,0.6212635577612914,
1712932485.3252316,control,0.0,0.6212635577612914,0.6212635577612914,
1712932485.3358095,control,0.0,0.6212635577612914,0.6212635577612914,
1712932485.3513691,control,0.0,0.6212635577612914,0.6212635577612914,
1712932485.368381,control,0.0,0.6212635577612914,0.6212635577612914,
1712932485.3894637,control,0.0,0.6212635577612914,0.6212635577612914,
1712932485.3994298,control,0.0,0.6212635577612914,0.6212635577612914,
1712932485.414929,control,0.0,0.6212635577612914,0.6212635577612914,
1712932485.437692,control,0.0,0.6212635577612914,0.6212635577612914,
1712932485.4537377,control,0.0,0.6212635577612914,0.6212635577612914,
1712932485.4632218,control,0.0,0.6212635577612914,0.6212635577612914,
1712932485.479233,control,0.0,0.6212635577612914,0.6212635577612914,
1712932485.5012336,control,0.0,0.6212635577612914,0.6212635577612914,
1712932485.5113707,control,0.0,0.6212635577612914,0.6212635577612914,
1712932485.5275862,control,0.0,0.6212635577612914,0.6212635577612914,
1712932485.5490775,control,0.0,0.6212635577612914,0.6212635577612914,
1712932485.5652947,control,0.0,0.6212635577612914,0.6212635577612914,
1712932485.5748048,control,0.0,0.6212635577612914,0.6212635577612914,
1712932485.5915177,control,0.0,0.6212635577612914,0.6212635577612914,
1712932485.6133606,control,0.0,0.6212635577612914,0.6212635577612914,
1712932485.623597,control,0.0,0.6212635577612914,0.6212635577612914,
1712932485.638816,control,0.0,0.6212635577612914,0.6212635577612914,
1712932485.655192,control,0.0,0.6212635577612914,0.6212635577612914,
1712932485.6771767,control,0.0,0.6212635577612914,0.6212635577612914,
1712932485.6867065,control,0.0,0.6212635577612914,0.6212635577612914,
1712932485.7032132,control,0.0,0.6212635577612914,0.6212635577612914,
1712932485.7254624,control,0.0,0.6212635577612914,0.6212635577612914,
1712932485.7349792,control,0.0,0.6212635577612914,0.6212635577612914,
1712932485.7512145,control,0.0,0.6212635577612914,0.6212635577612914,
1712932485.7672172,control,0.0,0.6212635577612914,0.6212635577612914,
1712932485.7892208,control,0.0,0.6212635577612914,0.6212635577612914,
1712932485.7992003,control,0.0,0.6212635577612914,0.6212635577612914,
1712932485.815674,control,0.0,0.6212635577612914,0.6212635577612914,
1712932485.83732,control,0.0,0.6212635577612914,0.6212635577612914,
1712932485.8472438,control,0.0,0.6212635577612914,0.6212635577612914,
1712932485.862757,control,0.0,0.6212635577612914,0.6212635577612914,
1712932485.8790221,control,0.0,0.6212635577612914,0.6212635577612914,
1712932485.9013462,control,0.0,0.6212635577612914,0.6212635577612914,
1712932485.911864,control,0.0,0.6212635577612914,0.6212635577612914,
1712932485.92815,control,0.0,0.6212635577612914,0.6212635577612914,
1712932485.9491003,control,0.0,0.6212635577612914,0.6212635577612914,
1712932485.9652836,control,0.0,0.6212635577612914,0.6212635577612914,
1712932485.9747965,control,0.0,0.6212635577612914,0.6212635577612914,
1712932485.991033,control,0.0,0.6212635577612914,0.6212635577612914,
1712932486.0140247,control,0.0,0.6212635577612914,0.6212635577612914,
1712932486.0232387,control,0.0,0.6212635577612914,0.6212635577612914,
1712932486.0392492,control,0.0,0.6212635577612914,0.6212635577612914,
1712932486.0552404,control,0.0,0.6212635577612914,0.6212635577612914,
1712932486.077234,control,0.0,0.6212635577612914,0.6212635577612914,
1712932486.0937436,control,0.0,0.6212635577612914,0.6212635577612914,
1712932486.1032386,control,0.0,0.6212635577612914,0.6212635577612914,
1712932486.11925,control,0.0,0.6212635577612914,0.6212635577612914,
1712932486.141243,control,0.0,0.6212635577612914,0.6212635577612914,
1712932486.1587899,control,0.0,0.6212635577612914,0.6212635577612914,
1712932486.1672776,control,0.0,0.6212635577612914,0.6212635577612914,
1712932486.1827989,control,0.0,0.6212635577612914,0.6212635577612914,
1712932486.205712,control,0.0,0.6212635577612914,0.6212635577612914,
1712932486.215244,control,0.0,0.6212635577612914,0.6212635577612914,
1712932486.231252,control,0.0,0.6212635577612914,0.6212635577612914,
1712932486.247822,control,0.0,0.6212635577612914,0.6212635577612914,
1712932486.2688198,control,0.0,0.6212635577612914,0.6212635577612914,
1712932486.279304,control,0.0,0.6212635577612914,0.6212635577612914,
1712932486.2948058,control,0.0,0.6212635577612914,0.6212635577612914,
1712932486.3167274,control,0.0,0.6212635577612914,0.6212635577612914,
1712932486.327671,control,0.0,0.6212635577612914,0.6212635577612914,
1712932486.3436718,control,0.0,0.6212635577612914,0.6212635577612914,
1712932486.359013,control,0.0,0.6212635577612914,0.6212635577612914,
1712932486.3810635,control,0.0,0.6212635577612914,0.6212635577612914,
1712932486.397836,control,0.0,0.6212635577612914,0.6212635577612914,
1712932486.4077322,control,0.0,0.6212635577612914,0.6212635577612914,
1712932486.4287186,control,0.0,0.6212635577612914,0.6212635577612914,
1712932486.4392004,control,0.0,0.6212635577612914,0.6212635577612914,
1712932486.4552023,control,0.0,0.6212635577612914,0.6212635577612914,
1712932486.4716585,control,0.0,0.6212635577612914,0.6212635577612914,
1712932486.4935987,control,0.0,0.6212635577612914,0.6212635577612914,
1712932486.503112,control,0.0,0.6212635577612914,0.6212635577612914,
1712932486.5194578,control,0.0,0.6212635577612914,0.6212635577612914,
1712932486.5419824,control,0.0,0.6212635577612914,0.6212635577612914,
1712932486.5584915,control,0.0,0.6212635577612914,0.6212635577612914,
1712932486.5669785,control,0.0,0.6212635577612914,0.6212635577612914,
1712932486.5834777,control,0.0,0.6212635577612914,0.6212635577612914,
1712932486.6056237,control,0.0,0.6212635577612914,0.6212635577612914,
1712932486.6152358,control,0.0,0.6212635577612914,0.6212635577612914,
1712932486.6317286,control,0.0,0.6212635577612914,0.6212635577612914,
1712932486.6474743,control,0.0,0.6212635577612914,0.6212635577612914,
1712932486.6694748,control,0.0,0.6212635577612914,0.6212635577612914,
1712932486.679228,control,0.0,0.6212635577612914,0.6212635577612914,
1712932486.695731,control,0.0,0.6212635577612914,0.6212635577612914,
1712932486.7112935,control,0.0,0.6212635577612914,0.6212635577612914,
1712932486.7332857,control,0.0,0.6212635577612914,0.6212635577612914,
1712932486.7428737,control,0.0,0.6212635577612914,0.6212635577612914,
1712932486.7586572,control,0.0,0.6212635577612914,0.6212635577612914,
1712932486.7813187,control,0.0,0.6212635577612914,0.6212635577612914,
1712932486.7911026,control,0.0,0.6212635577612914,0.6212635577612914,
1712932486.8071811,control,0.0,0.6212635577612914,0.6212635577612914,
1712932486.8231483,control,0.0,0.6212635577612914,0.6212635577612914,
1712932486.8451655,control,0.0,0.6212635577612914,0.6212635577612914,
1712932486.854756,control,0.0,0.6212635577612914,0.6212635577612914,
1712932486.871593,control,0.0,0.6212635577612914,0.6212635577612914,
1712932486.89418,control,0.0,0.6212635577612914,0.6212635577612914,
1712932486.9036312,control,0.0,0.6212635577612914,0.6212635577612914,
1712932486.9196475,control,0.0,0.6212635577612914,0.6212635577612914,
1712932486.9353235,control,0.0,0.6212635577612914,0.6212635577612914,
1712932486.956835,control,0.0,0.6212635577612914,0.6212635577612914,
1712932486.9670303,control,0.0,0.6212635577612914,0.6212635577612914,
1712932486.9829605,control,0.0,0.6212635577612914,0.6212635577612914,
1712932486.9995418,control,0.0,0.6212635577612914,0.6212635577612914,
1712932487.0210316,control,0.0,0.6212635577612914,0.6212635577612914,
1712932487.0385106,control,0.0,0.6212635577612914,0.6212635577612914,
1712932487.0475273,control,0.0,0.6212635577612914,0.6212635577612914,
1712932487.0627828,control,0.0,0.6212635577612914,0.6212635577612914,
1712932487.0852194,control,0.0,0.6212635577612914,0.6212635577612914,
1712932487.0957294,control,0.0,0.6212635577612914,0.6212635577612914,
1712932487.1111133,control,0.0,0.6212635577612914,0.6212635577612914,
1712932487.13408,control,0.0,0.6212635577612914,0.6212635577612914,
1712932487.1429772,control,0.0,0.6212635577612914,0.6212635577612914,
1712932487.1595788,control,0.0,0.6212635577612914,0.6212635577612914,
1712932487.175959,control,0.0,0.6212635577612914,0.6212635577612914,
1712932487.1970506,control,0.0,0.6212635577612914,0.6212635577612914,
1712932487.2068355,control,0.0,0.6212635577612914,0.6212635577612914,
1712932487.223332,control,0.0,0.6212635577612914,0.6212635577612914,
1712932487.245861,control,0.0,0.6212635577612914,0.6212635577612914,
1712932487.2550707,control,0.0,0.6212635577612914,0.6212635577612914,
1712932487.2711155,control,0.0,0.6212635577612914,0.6212635577612914,
1712932487.2871075,control,0.0,0.6212635577612914,0.6212635577612914,
1712932487.3093107,control,0.0,0.6212635577612914,0.6212635577612914,
1712932487.325807,control,0.0,0.6212635577612914,0.6212635577612914,
1712932487.335295,control,0.0,0.6212635577612914,0.6212635577612914,
1712932487.3508997,control,0.0,0.6212635577612914,0.6212635577612914,
1712932487.3731935,control,0.0,0.6212635577612914,0.6212635577612914,
1712932487.3837013,control,0.0,0.6212635577612914,0.6212635577612914,
1712932487.3994646,control,0.0,0.6212635577612914,0.6212635577612914,
1712932487.4214532,control,0.0,0.6212635577612914,0.6212635577612914,
1712932487.4311647,control,0.0,0.6212635577612914,0.6212635577612914,
1712932487.4476461,control,0.0,0.6212635577612914,0.6212635577612914,
1712932487.4631422,control,0.0,0.6212635577612914,0.6212635577612914,
1712932487.4851308,control,0.0,0.6212635577612914,0.6212635577612914,
1712932487.5007503,control,0.0,0.6212635577612914,0.6212635577612914,
1712932487.5115914,control,0.0,0.6212635577612914,0.6212635577612914,
1712932487.5278533,control,0.0,0.6212635577612914,0.6212635577612914,
1712932487.549467,control,0.0,0.6212635577612914,0.6212635577612914,
1712932487.5596159,control,0.0,0.6212635577612914,0.6212635577612914,
1712932487.5748694,control,0.0,0.6212635577612914,0.6212635577612914,
1712932487.591107,control,0.0,0.6212635577612914,0.6212635577612914,
1712932487.6142259,control,0.0,0.6212635577612914,0.6212635577612914,
1712932487.622773,control,0.0,0.6212635577612914,0.6212635577612914,
1712932487.6393607,control,0.0,0.6212635577612914,0.6212635577612914,
1712932487.662066,control,0.0,0.6212635577612914,0.6212635577612914,
1712932487.6707714,control,0.0,0.6212635577612914,0.6212635577612914,
1712932487.686981,control,0.0,0.6212635577612914,0.6212635577612914,
1712932487.7034106,control,0.0,0.6212635577612914,0.6212635577612914,
1712932487.7256505,control,0.0,0.6212635577612914,0.6212635577612914,
1712932487.7422476,control,0.0,0.6212635577612914,0.6212635577612914,
1712932487.751456,control,0.0,0.6212635577612914,0.6212635577612914,
1712932487.767079,control,0.0,0.6212635577612914,0.6212635577612914,
1712932487.789311,control,0.0,0.6212635577612914,0.6212635577612914,
1712932487.7993286,control,0.0,0.6212635577612914,0.6212635577612914,
1712932487.8158336,control,0.0,0.6212635577612914,0.6212635577612914,
1712932487.837343,control,0.0,0.6212635577612914,0.6212635577612914,
1712932487.8475618,control,0.0,0.6212635577612914,0.6212635577612914,
1712932487.8631458,control,0.0,0.6212635577612914,0.6212635577612914,
1712932487.880154,control,0.0,0.6212635577612914,0.6212635577612914,
1712932487.901145,control,0.0,0.6212635577612914,0.6212635577612914,
1712932487.9172235,control,0.0,0.6212635577612914,0.6212635577612914,
1712932487.9271052,control,0.0,0.6212635577612914,0.6212635577612914,
1712932487.9424233,control,0.0,0.6212635577612914,0.6212635577612914,
1712932487.9646585,control,0.0,0.6212635577612914,0.6212635577612914,
1712932487.9751723,control,0.0,0.6212635577612914,0.6212635577612914,
1712932487.9913006,control,0.0,0.6212635577612914,0.6212635577612914,
1712932488.0142727,control,0.0,0.6212635577612914,0.6212635577612914,
1712932488.0292873,control,0.0,0.6212635577612914,0.6212635577612914,
1712932488.0387897,control,0.0,0.6212635577612914,0.6212635577612914,
1712932488.0548375,control,0.0,0.6212635577612914,0.6212635577612914,
1712932488.0776207,control,0.0,0.6212635577612914,0.6212635577612914,
1712932488.0871096,control,0.0,0.6212635577612914,0.6212635577612914,
1712932488.1036072,control,0.0,0.6212635577612914,0.6212635577612914,
1712932488.1259916,control,0.0,0.6212635577612914,0.6212635577612914,
1712932488.1353972,control,0.0,0.6212635577612914,0.6212635577612914,
1712932488.1516917,control,0.0,0.6212635577612914,0.6212635577612914,
1712932488.167723,control,0.0,0.6212635577612914,0.6212635577612914,
1712932488.189622,control,0.0,0.6212635577612914,0.6212635577612914,
1712932488.2051427,control,0.0,0.6212635577612914,0.6212635577612914,
1712932488.2156258,control,0.0,0.6212635577612914,0.6212635577612914,
1712932488.2307801,control,0.0,0.6212635577612914,0.6212635577612914,
1712932488.2532315,control,0.0,0.6212635577612914,0.6212635577612914,
1712932488.2628891,control,0.0,0.6212635577612914,0.6212635577612914,
1712932488.2788868,control,0.0,0.6212635577612914,0.6212635577612914,
1712932488.3008862,control,0.0,0.6212635577612914,0.6212635577612914,
1712932488.3170505,control,0.0,0.6212635577612914,0.6212635577612914,
1712932488.3270447,control,0.0,0.6212635577612914,0.6212635577612914,
1712932488.3427622,control,0.0,0.6212635577612914,0.6212635577612914,
1712932488.365255,control,0.0,0.6212635577612914,0.6212635577612914,
1712932488.3747654,control,0.0,0.6212635577612914,0.6212635577612914,
1712932488.390875,control,0.0,0.6212635577612914,0.6212635577612914,
1712932488.4142737,control,0.0,0.6212635577612914,0.6212635577612914,
1712932488.429371,control,0.0,0.6212635577612914,0.6212635577612914,
1712932488.4391732,control,0.0,0.6212635577612914,0.6212635577612914,
1712932488.455214,control,0.0,0.6212635577612914,0.6212635577612914,
1712932488.4777508,control,0.0,0.6212635577612914,0.6212635577612914,
1712932488.4872336,control,0.0,0.6212635577612914,0.6212635577612914,
1712932488.5027912,control,0.0,0.6212635577612914,0.6212635577612914,
1712932488.5201113,control,0.0,0.6212635577612914,0.6212635577612914,
1712932488.5411491,control,0.0,0.6212635577612914,0.6212635577612914,
1712932488.5512202,control,0.0,0.6212635577612914,0.6212635577612914,
1712932488.5675871,control,0.0,0.6212635577612914,0.6212635577612914,
1712932488.5897925,control,0.0,0.6212635577612914,0.6212635577612914,
1712932488.5996659,control,0.0,0.6212635577612914,0.6212635577612914,
1712932488.6148903,control,0.0,0.6212635577612914,0.6212635577612914,
1712932488.6307938,control,0.0,0.6212635577612914,0.6212635577612914,
1712932488.6537488,control,0.0,0.6212635577612914,0.6212635577612914,
1712932488.6696548,control,0.0,0.6212635577612914,0.6212635577612914,
1712932488.67887,control,0.0,0.6212635577612914,0.6212635577612914,
1712932488.7019103,control,0.0,0.6212635577612914,0.6212635577612914,
1712932488.7110643,control,0.0,0.6212635577612914,0.6212635577612914,
1712932488.727298,control,0.0,0.6212635577612914,0.6212635577612914,
1712932488.743812,control,0.0,0.6212635577612914,0.6212635577612914,
1712932488.7648242,control,0.0,0.6212635577612914,0.6212635577612914,
1712932488.7819092,control,0.0,0.6212635577612914,0.6212635577612914,
1712932488.7916536,control,0.0,0.6212635577612914,0.6212635577612914,
1712932488.814226,control,0.0,0.6212635577612914,0.6212635577612914,
1712932488.824736,control,0.0,0.6212635577612914,0.6212635577612914,
1712932488.8402069,control,0.0,0.6212635577612914,0.6212635577612914,
1712932488.855221,control,0.0,0.6212635577612914,0.6212635577612914,
1712932488.872238,control,0.0,0.6212635577612914,0.6212635577612914,
1712932488.894222,control,0.0,0.6212635577612914,0.6212635577612914,
1712932488.9047587,control,0.0,0.6212635577612914,0.6212635577612914,
1712932488.9202986,control,0.0,0.6212635577612914,0.6212635577612914,
1712932488.9422884,control,0.0,0.6212635577612914,0.6212635577612914,
1712932488.9533048,control,0.0,0.6212635577612914,0.6212635577612914,
1712932488.9682987,control,0.0,0.6212635577612914,0.6212635577612914,
1712932488.984195,control,0.0,0.6212635577612914,0.6212635577612914,
1712932489.0061815,control,0.0,0.6212635577612914,0.6212635577612914,
1712932489.0157192,control,0.0,0.6212635577612914,0.6212635577612914,
1712932489.032195,control,0.0,0.6212635577612914,0.6212635577612914,
1712932489.0487514,control,0.0,0.6212635577612914,0.6212635577612914,
1712932489.0701878,control,0.0,0.6212635577612914,0.6212635577612914,
1712932489.0801833,control,0.0,0.6212635577612914,0.6212635577612914,
1712932489.095657,control,0.0,0.6212635577612914,0.6212635577612914,
1712932489.1118953,control,0.0,0.6212635577612914,0.6212635577612914,
1712932489.134073,control,0.0,0.6212635577612914,0.6212635577612914,
1712932489.144067,control,0.0,0.6212635577612914,0.6212635577612914,
1712932489.1606276,control,0.0,0.6212635577612914,0.6212635577612914,
1712932489.1827016,control,0.0,0.6212635577612914,0.6212635577612914,
1712932489.191809,control,0.0,0.6212635577612914,0.6212635577612914,
1712932489.2082388,control,0.0,0.6212635577612914,0.6212635577612914,
1712932489.223828,control,0.0,0.6212635577612914,0.6212635577612914,
1712932489.2458844,control,0.0,0.6212635577612914,0.6212635577612914,
1712932489.2628083,control,0.0,0.6212635577612914,0.6212635577612914,
1712932489.272295,control,0.0,0.6212635577612914,0.6212635577612914,
1712932489.28804,control,0.0,0.6212635577612914,0.6212635577612914,
1712932489.3102226,control,0.0,0.6212635577612914,0.6212635577612914,
1712932489.3198457,control,0.0,0.6212635577612914,0.6212635577612914,
1712932489.3368192,control,0.0,0.6212635577612914,0.6212635577612914,
1712932489.3579452,control,0.0,0.6212635577612914,0.6212635577612914,
1712932489.368107,control,0.0,0.6212635577612914,0.6212635577612914,
1712932489.3838515,control,0.0,0.6212635577612914,0.6212635577612914,
1712932489.4004085,control,0.0,0.6212635577612914,0.6212635577612914,
1712932489.4220886,control,0.0,0.6212635577612914,0.6212635577612914,
1712932489.4325736,control,0.0,0.6212635577612914,0.6212635577612914,
1712932489.449137,control,0.0,0.6212635577612914,0.6212635577612914,
1712932489.4646673,control,0.0,0.6212635577612914,0.6212635577612914,
1712932489.4857342,control,0.0,0.6212635577612914,0.6212635577612914,
1712932489.495509,control,0.0,0.6212635577612914,0.6212635577612914,
1712932489.5125325,control,0.0,0.6212635577612914,0.6212635577612914,
1712932489.5277429,control,0.0,0.6212635577612914,0.6212635577612914,
1712932489.550591,control,0.0,0.6212635577612914,0.6212635577612914,
1712932489.5670545,control,0.0,0.6212635577612914,0.6212635577612914,
1712932489.576058,control,0.0,0.6212635577612914,0.6212635577612914,
1712932489.598582,control,0.0,0.6212635577612914,0.6212635577612914,
1712932489.6081054,control,0.0,0.6212635577612914,0.6212635577612914,
1712932489.624587,control,0.0,0.6212635577612914,0.6212635577612914,
1712932489.6404607,control,0.0,0.6212635577612914,0.6212635577612914,
1712932489.6619267,control,0.0,0.6212635577612914,0.6212635577612914,
1712932489.6726441,control,0.0,0.6212635577612914,0.6212635577612914,
1712932489.688286,control,0.0,0.6212635577612914,0.6212635577612914,
1712932489.7107825,control,0.0,0.6212635577612914,0.6212635577612914,
1712932489.7202682,control,0.0,0.6212635577612914,0.6212635577612914,
1712932489.7367682,control,0.0,0.6212635577612914,0.6212635577612914,
1712932489.7522814,control,0.0,0.6212635577612914,0.6212635577612914,
1712932489.7747474,control,0.0,0.6212635577612914,0.6212635577612914,
1712932489.7839768,control,0.0,0.6212635577612914,0.6212635577612914,
1712932489.7998898,control,0.0,0.6212635577612914,0.6212635577612914,
1712932489.8156803,control,0.0,0.6212635577612914,0.6212635577612914,
1712932489.8381865,control,0.0,0.6212635577612914,0.6212635577612914,
1712932489.848207,control,0.0,0.6212635577612914,0.6212635577612914,
1712932489.8640776,control,0.0,0.6212635577612914,0.6212635577612914,
1712932489.886705,control,0.0,0.6212635577612914,0.6212635577612914,
1712932489.8960054,control,0.0,0.6212635577612914,0.6212635577612914,
1712932489.9118507,control,0.0,0.6212635577612914,0.6212635577612914,
1712932489.9286323,control,0.0,0.6212635577612914,0.6212635577612914,
1712932489.9504373,control,0.0,0.6212635577612914,0.6212635577612914,
1712932489.966887,control,0.0,0.6212635577612914,0.6212635577612914,
1712932489.9759016,control,0.0,0.6212635577612914,0.6212635577612914,
1712932489.9923792,control,0.0,0.6212635577612914,0.6212635577612914,
1712932490.013722,control,0.0,0.6212635577612914,0.6212635577612914,
1712932490.0304015,control,0.0,0.6212635577612914,0.6212635577612914,
1712932490.04024,control,0.0,0.6212635577612914,0.6212635577612914,
1712932490.0627549,control,0.0,0.6212635577612914,0.6212635577612914,
1712932490.0722249,control,0.0,0.6212635577612914,0.6212635577612914,
1712932490.0887287,control,0.0,0.6212635577612914,0.6212635577612914,
1712932490.1045299,control,0.0,0.6212635577612914,0.6212635577612914,
1712932490.1267846,control,0.0,0.6212635577612914,0.6212635577612914,
1712932490.135928,control,0.0,0.6212635577612914,0.6212635577612914,
1712932490.1523294,control,0.0,0.6212635577612914,0.6212635577612914,
1712932490.1683393,control,0.0,0.6212635577612914,0.6212635577612914,
1712932490.190646,control,0.0,0.6212635577612914,0.6212635577612914,
1712932490.2055943,control,0.0,0.6212635577612914,0.6212635577612914,
1712932490.216113,control,0.0,0.6212635577612914,0.6212635577612914,
1712932490.2322493,control,0.0,0.6212635577612914,0.6212635577612914,
1712932490.2541096,control,0.0,0.6212635577612914,0.6212635577612914,
1712932490.264589,control,0.0,0.6212635577612914,0.6212635577612914,
1712932490.2805307,control,0.0,0.6212635577612914,0.6212635577612914,
1712932490.3030965,control,0.0,0.6212635577612914,0.6212635577612914,
1712932490.3180542,control,0.0,0.6212635577612914,0.6212635577612914,
1712932490.3278859,control,0.0,0.6212635577612914,0.6212635577612914,
1712932490.3438983,control,0.0,0.6212635577612914,0.6212635577612914,
1712932490.366848,control,0.0,0.6212635577612914,0.6212635577612914,
1712932490.3758574,control,0.0,0.6212635577612914,0.6212635577612914,
1712932490.3918731,control,0.0,0.6212635577612914,0.6212635577612914,
1712932490.4161363,control,0.0,0.6212635577612914,0.6212635577612914,
1712932490.4257424,control,0.0,0.6212635577612914,0.6212635577612914,
1712932490.4407473,control,0.0,0.6212635577612914,0.6212635577612914,
1712932490.4568024,control,0.0,0.6212635577612914,0.6212635577612914,
1712932490.479463,control,0.0,0.6212635577612914,0.6212635577612914,
1712932490.4959586,control,0.0,0.6212635577612914,0.6212635577612914,
1712932490.5054462,control,0.0,0.6212635577612914,0.6212635577612914,
1712932490.5209732,control,0.0,0.6212635577612914,0.6212635577612914,
1712932490.5437543,control,0.0,0.6212635577612914,0.6212635577612914,
1712932490.5527606,control,0.0,0.6212635577612914,0.6212635577612914,
1712932490.5688262,control,0.0,0.6212635577612914,0.6212635577612914,
1712932490.5853033,control,0.0,0.6212635577612914,0.6212635577612914,
1712932490.6073425,control,0.0,0.6212635577612914,0.6212635577612914,
1712932490.623317,control,0.0,0.6212635577612914,0.6212635577612914,
1712932490.632821,control,0.0,0.6212635577612914,0.6212635577612914,
1712932490.6553295,control,0.0,0.6212635577612914,0.6212635577612914,
1712932490.6656454,control,0.0,0.6212635577612914,0.6212635577612914,
1712932490.6816607,control,0.0,0.6212635577612914,0.6212635577612914,
1712932490.6981375,control,0.0,0.6212635577612914,0.6212635577612914,
1712932490.7205973,control,0.0,0.6212635577612914,0.6212635577612914,
1712932490.7346554,control,0.0,0.6212635577612914,0.6212635577612914,
1712932490.7449338,control,0.0,0.6212635577612914,0.6212635577612914,
1712932490.7608447,control,0.0,0.6212635577612914,0.6212635577612914,
1712932490.783837,control,0.0,0.6212635577612914,0.6212635577612914,
1712932490.7933385,control,0.0,0.6212635577612914,0.6212635577612914,
1712932490.8094335,control,0.0,0.6212635577612914,0.6212635577612914,
1712932490.8254664,control,0.0,0.6212635577612914,0.6212635577612914,
1712932490.8475366,control,0.0,0.6212635577612914,0.6212635577612914,
1712932490.8579087,control,0.0,0.6212635577612914,0.6212635577612914,
1712932490.8729563,control,0.0,0.6212635577612914,0.6212635577612914,
1712932490.895,control,0.0,0.6212635577612914,0.6212635577612914,
1712932490.905047,control,0.0,0.6212635577612914,0.6212635577612914,
1712932490.9213665,control,0.0,0.6212635577612914,0.6212635577612914,
1712932490.9449525,control,0.0,0.6212635577612914,0.6212635577612914,
1712932490.9534404,control,0.0,0.6212635577612914,0.6212635577612914,
1712932490.9754405,control,0.0,0.6212635577612914,0.6212635577612914,
1712932490.9852824,control,0.0,0.6212635577612914,0.6212635577612914,
1712932491.0015032,control,0.0,0.6212635577612914,0.6212635577612914,
1712932491.0238605,control,0.0,0.6212635577612914,0.6212635577612914,
1712932491.0388978,control,0.0,0.6212635577612914,0.6212635577612914,
1712932491.048945,control,0.0,0.6212635577612914,0.6212635577612914,
1712932491.0715125,control,0.0,0.6212635577612914,0.6212635577612914,
1712932491.0876467,control,0.0,0.6212635577612914,0.6212635577612914,
1712932491.1045716,control,0.0,0.6212635577612914,0.6212635577612914,
1712932491.1134858,control,0.0,0.6212635577612914,0.6212635577612914,
1712932491.1351748,control,0.0,0.6212635577612914,0.6212635577612914,
1712932491.1512864,control,0.0,0.6212635577612914,0.6212635577612914,
1712932491.161062,control,0.0,0.6212635577612914,0.6212635577612914,
1712932491.17704,control,0.0,0.6212635577612914,0.6212635577612914,
1712932491.1992052,control,0.0,0.6212635577612914,0.6212635577612914,
1712932491.216693,control,0.0,0.6212635577612914,0.6212635577612914,
1712932491.2251894,control,0.0,0.6212635577612914,0.6212635577612914,
1712932491.247164,control,0.0,0.6212635577612914,0.6212635577612914,
1712932491.2631257,control,0.0,0.6212635577612914,0.6212635577612914,
1712932491.2736087,control,0.0,0.6212635577612914,0.6212635577612914,
1712932491.28971,control,0.0,0.6212635577612914,0.6212635577612914,
1712932491.3115182,control,0.0,0.6212635577612914,0.6212635577612914,
1712932491.321532,control,0.0,0.6212635577612914,0.6212635577612914,
1712932491.3367965,control,0.0,0.6212635577612914,0.6212635577612914,
1712932491.353835,control,0.0,0.6212635577612914,0.6212635577612914,
1712932491.3756094,control,0.0,0.6212635577612914,0.6212635577612914,
1712932491.3851302,control,0.0,0.6212635577612914,0.6212635577612914,
1712932491.4016645,control,0.0,0.6212635577612914,0.6212635577612914,
1712932491.4176605,control,0.0,0.6212635577612914,0.6212635577612914,
1712932491.4397202,control,0.0,0.6212635577612914,0.6212635577612914,
1712932491.4554207,control,0.0,0.6212635577612914,0.6212635577612914,
1712932491.4649491,control,0.0,0.6212635577612914,0.6212635577612914,
1712932491.4817917,control,0.0,0.6212635577612914,0.6212635577612914,
1712932491.5031044,control,0.0,0.6212635577612914,0.6212635577612914,
1712932491.5207968,control,0.0,0.6212635577612914,0.6212635577612914,
1712932491.5293965,control,0.0,0.6212635577612914,0.6212635577612914,
1712932491.552505,control,0.0,0.6212635577612914,0.6212635577612914,
1712932491.5673091,control,0.0,0.6212635577612914,0.6212635577612914,
1712932491.5777502,control,0.0,0.6212635577612914,0.6212635577612914,
1712932491.5933049,control,0.0,0.6212635577612914,0.6212635577612914,
1712932491.6152716,control,0.0,0.6212635577612914,0.6212635577612914,
1712932491.632543,control,0.0,0.6212635577612914,0.6212635577612914,
1712932491.6411145,control,0.0,0.6212635577612914,0.6212635577612914,
1712932491.6641266,control,0.0,0.6212635577612914,0.6212635577612914,
1712932491.6731753,control,0.0,0.6212635577612914,0.6212635577612914,
1712932491.6896062,control,0.0,0.6212635577612914,0.6212635577612914,
1712932491.7054396,control,0.0,0.6212635577612914,0.6212635577612914,
1712932491.7281594,control,0.0,0.6212635577612914,0.6212635577612914,
1712932491.7370732,control,0.0,0.6212635577612914,0.6212635577612914,
1712932491.7534075,control,0.0,0.6212635577612914,0.6212635577612914,
1712932491.77718,control,0.0,0.6212635577612914,0.6212635577612914,
1712932491.785658,control,0.0,0.6212635577612914,0.6212635577612914,
1712932491.800858,control,0.0,0.6212635577612914,0.6212635577612914,
1712932491.8171105,control,0.0,0.6212635577612914,0.6212635577612914,
1712932491.8404047,control,0.0,0.6212635577612914,0.6212635577612914,
1712932491.8553338,control,0.0,0.6212635577612914,0.6212635577612914,
1712932491.8653002,control,0.0,0.6212635577612914,0.6212635577612914,
1712932491.8816528,control,0.0,0.6212635577612914,0.6212635577612914,
1712932491.9039323,control,0.0,0.6212635577612914,0.6212635577612914,
1712932491.9134178,control,0.0,0.6212635577612914,0.6212635577612914,
1712932491.9298885,control,0.0,0.6212635577612914,0.6212635577612914,
1712932491.9522927,control,0.0,0.6212635577612914,0.6212635577612914,
1712932491.9618094,control,0.0,0.6212635577612914,0.6212635577612914,
1712932491.9767122,control,0.0,0.6212635577612914,0.6212635577612914,
1712932491.9936118,control,0.0,0.6212635577612914,0.6212635577612914,
1712932492.015753,control,0.0,0.6212635577612914,0.6212635577612914,
1712932492.0311823,control,0.0,0.6212635577612914,0.6212635577612914,
1712932492.0411563,control,0.0,0.6212635577612914,0.6212635577612914,
1712932492.0587175,control,0.0,0.6212635577612914,0.6212635577612914,
1712932492.0793405,control,0.0,0.6212635577612914,0.6212635577612914,
1712932492.0893872,control,0.0,0.6212635577612914,0.6212635577612914,
1712932492.1048093,control,0.0,0.6212635577612914,0.6212635577612914,
1712932492.121233,control,0.0,0.6212635577612914,0.6212635577612914,
1712932492.1436765,control,0.0,0.6212635577612914,0.6212635577612914,
1712932492.153667,control,0.0,0.6212635577612914,0.6212635577612914,
1712932492.169809,control,0.0,0.6212635577612914,0.6212635577612914,
1712932492.1911676,control,0.0,0.6212635577612914,0.6212635577612914,
1712932492.207906,control,0.0,0.6212635577612914,0.6212635577612914,
1712932492.2175453,control,0.0,0.6212635577612914,0.6212635577612914,
1712932492.2330434,control,0.0,0.6212635577612914,0.6212635577612914,
1712932492.2558854,control,0.0,0.6212635577612914,0.6212635577612914,
1712932492.2653677,control,0.0,0.6212635577612914,0.6212635577612914,
1712932492.282129,control,0.0,0.6212635577612914,0.6212635577612914,
1712932492.3041134,control,0.0,0.6212635577612914,0.6212635577612914,
1712932492.3128686,control,0.0,0.6212635577612914,0.6212635577612914,
1712932492.3356254,control,0.0,0.6212635577612914,0.6212635577612914,
1712932492.344893,control,0.0,0.6212635577612914,0.6212635577612914,
1712932492.3679059,control,0.0,0.6212635577612914,0.6212635577612914,
1712932492.3833926,control,0.0,0.6212635577612914,0.6212635577612914,
1712932492.3929114,control,0.0,0.6212635577612914,0.6212635577612914,
1712932492.408923,control,0.0,0.6212635577612914,0.6212635577612914,
1712932492.4319334,control,0.0,0.6212635577612914,0.6212635577612914,
1712932492.4472804,control,0.0,0.6212635577612914,0.6212635577612914,
1712932492.456769,control,0.0,0.6212635577612914,0.6212635577612914,
1712932492.4732747,control,0.0,0.6212635577612914,0.6212635577612914,
1712932492.495287,control,0.0,0.6212635577612914,0.6212635577612914,
1712932492.5048676,control,0.0,0.6212635577612914,0.6212635577612914,
1712932492.5213249,control,0.0,0.6212635577612914,0.6212635577612914,
1712932492.537322,control,0.0,0.6212635577612914,0.6212635577612914,
1712932492.5588827,control,0.0,0.6212635577612914,0.6212635577612914,
1712932492.5761318,control,0.0,0.6212635577612914,0.6212635577612914,
1712932492.5856135,control,0.0,0.6212635577612914,0.6212635577612914,
1712932492.6078296,control,0.0,0.6212635577612914,0.6212635577612914,
1712932492.6230114,control,0.0,0.6212635577612914,0.6212635577612914,
1712932492.6402326,control,0.0,0.6212635577612914,0.6212635577612914,
1712932492.6493685,control,0.0,0.6212635577612914,0.6212635577612914,
1712932492.67122,control,0.0,0.6212635577612914,0.6212635577612914,
1712932492.6813197,control,0.0,0.6212635577612914,0.6212635577612914,
1712932492.697445,control,0.0,0.6212635577612914,0.6212635577612914,
1712932492.7130768,control,0.0,0.6212635577612914,0.6212635577612914,
1712932492.7356365,control,0.0,0.6212635577612914,0.6212635577612914,
1712932492.7451396,control,0.0,0.6212635577612914,0.6212635577612914,
1712932492.761413,control,0.0,0.6212635577612914,0.6212635577612914,
1712932492.7781153,control,0.0,0.6212635577612914,0.6212635577612914,
1712932492.7989614,control,0.0,0.6212635577612914,0.6212635577612914,
1712932492.8160815,control,0.0,0.6212635577612914,0.6212635577612914,
1712932492.8247366,control,0.0,0.6212635577612914,0.6212635577612914,
1712932492.8480532,control,0.0,0.6212635577612914,0.6212635577612914,
1712932492.857537,control,0.0,0.6212635577612914,0.6212635577612914,
1712932492.8733075,control,0.0,0.6212635577612914,0.6212635577612914,
1712932492.8893595,control,0.0,0.6212635577612914,0.6212635577612914,
1712932492.9111474,control,0.0,0.6212635577612914,0.6212635577612914,
1712932492.9284108,control,0.0,0.6212635577612914,0.6212635577612914,
1712932492.9369073,control,0.0,0.6212635577612914,0.6212635577612914,
1712932492.9599013,control,0.0,0.6212635577612914,0.6212635577612914,
1712932492.9756846,control,0.0,0.6212635577612914,0.6212635577612914,
1712932492.9855072,control,0.0,0.6212635577612914,0.6212635577612914,
1712932493.0016463,control,0.0,0.6212635577612914,0.6212635577612914,
1712932493.0236437,control,0.0,0.6212635577612914,0.6212635577612914,
1712932493.0396745,control,0.0,0.6212635577612914,0.6212635577612914,
1712932493.049684,control,0.0,0.6212635577612914,0.6212635577612914,
1712932493.071869,control,0.0,0.6212635577612914,0.6212635577612914,
1712932493.087033,control,0.0,0.6212635577612914,0.6212635577612914,
1712932493.0977814,control,0.0,0.6212635577612914,0.6212635577612914,
1712932493.113086,control,0.0,0.6212635577612914,0.6212635577612914,
1712932493.135742,control,0.0,0.6212635577612914,0.6212635577612914,
1712932493.1508632,control,0.0,0.6212635577612914,0.6212635577612914,
1712932493.1614454,control,0.0,0.6212635577612914,0.6212635577612914,
1712932493.1774518,control,0.0,0.6212635577612914,0.6212635577612914,
1712932493.199213,control,0.0,0.6212635577612914,0.6212635577612914,
1712932493.215705,control,0.0,0.6212635577612914,0.6212635577612914,
1712932493.2254095,control,0.0,0.6212635577612914,0.6212635577612914,
1712932493.24819,control,0.0,0.6212635577612914,0.6212635577612914,
1712932493.2577155,control,0.0,0.6212635577612914,0.6212635577612914,
1712932493.2731993,control,0.0,0.6212635577612914,0.6212635577612914,
1712932493.2896636,control,0.0,0.6212635577612914,0.6212635577612914,
1712932493.31167,control,0.0,0.6212635577612914,0.6212635577612914,
1712932493.3277383,control,0.0,0.6212635577612914,0.6212635577612914,
1712932493.337224,control,0.0,0.6212635577612914,0.6212635577612914,
1712932493.3532686,control,0.0,0.6212635577612914,0.6212635577612914,
1712932493.375395,control,0.0,0.6212635577612914,0.6212635577612914,
1712932493.3853824,control,0.0,0.6212635577612914,0.6212635577612914,
1712932493.4009352,control,0.0,0.6212635577612914,0.6212635577612914,
1712932493.4177997,control,0.0,0.6212635577612914,0.6212635577612914,
1712932493.4398646,control,0.0,0.6212635577612914,0.6212635577612914,
1712932493.4488842,control,0.0,0.6212635577612914,0.6212635577612914,
1712932493.4648015,control,0.0,0.6212635577612914,0.6212635577612914,
1712932493.4818394,control,0.0,0.6212635577612914,0.6212635577612914,
1712932493.5030537,control,0.0,0.6212635577612914,0.6212635577612914,
1712932493.51306,control,0.0,0.6212635577612914,0.6212635577612914,
1712932493.5293732,control,0.0,0.6212635577612914,0.6212635577612914,
1712932493.552022,control,0.0,0.6212635577612914,0.6212635577612914,
1712932493.566998,control,0.0,0.6212635577612914,0.6212635577612914,
1712932493.577502,control,0.0,0.6212635577612914,0.6212635577612914,
1712932493.5940194,control,0.0,0.6212635577612914,0.6212635577612914,
1712932493.6150022,control,0.0,0.6212635577612914,0.6212635577612914,
1712932493.631018,control,0.0,0.6212635577612914,0.6212635577612914,
1712932493.641191,control,0.0,0.6212635577612914,0.6212635577612914,
1712932493.657773,control,0.0,0.6212635577612914,0.6212635577612914,
1712932493.6797657,control,0.0,0.6212635577612914,0.6212635577612914,
1712932493.6893804,control,0.0,0.6212635577612914,0.6212635577612914,
1712932493.7048943,control,0.0,0.6212635577612914,0.6212635577612914,
1712932493.7269032,control,0.0,0.6212635577612914,0.6212635577612914,
1712932493.7431684,control,0.0,0.6212635577612914,0.6212635577612914,
1712932493.7531946,control,0.0,0.6212635577612914,0.6212635577612914,
1712932493.7751858,control,0.0,0.6212635577612914,0.6212635577612914,
1712932493.7916682,control,0.0,0.6212635577612914,0.6212635577612914,
1712932493.801468,control,0.0,0.6212635577612914,0.6212635577612914,
1712932493.8176363,control,0.0,0.6212635577612914,0.6212635577612914,
1712932493.8396955,control,0.0,0.6212635577612914,0.6212635577612914,
1712932493.8556716,control,0.0,0.6212635577612914,0.6212635577612914,
1712932493.8651772,control,0.0,0.6212635577612914,0.6212635577612914,
1712932493.8881454,control,0.0,0.6212635577612914,0.6212635577612914,
1712932493.9051857,control,0.0,0.6212635577612914,0.6212635577612914,
1712932493.9138052,control,0.0,0.6212635577612914,0.6212635577612914,
1712932493.9293346,control,0.0,0.6212635577612914,0.6212635577612914,
1712932493.9518607,control,0.0,0.6212635577612914,0.6212635577612914,
1712932493.967354,control,0.0,0.6212635577612914,0.6212635577612914,
1712932493.97685,control,0.0,0.6212635577612914,0.6212635577612914,
1712932493.9935856,control,0.0,0.6212635577612914,0.6212635577612914,
1712932494.015107,control,0.0,0.6212635577612914,0.6212635577612914,
1712932494.0311162,control,0.0,0.6212635577612914,0.6212635577612914,
1712932494.041609,control,0.0,0.6212635577612914,0.6212635577612914,
1712932494.0641387,control,0.0,0.6212635577612914,0.6212635577612914,
1712932494.07915,control,0.0,0.6212635577612914,0.6212635577612914,
